ItemID,Merchant ID,Category ID,ItemName,Image1,Image 2,Image 3,Image 4,Image 5,Item Description,SKU,Currency Code,Price,Stock Quantity,Stock Limited,Pickup AddressID,Shipping MethodID,Variant 1,Variant 2,Variant 3
*,ea1a3e89-6313-4f56-9820-fc86c7254d12,5cde02c2-0d04-4156-a304-f19c1020b910,bakugo,230x230_product_1542346931_2117688.jpg,800x800_product_1542346931_8797092.jpg,800x800_product_1542346932_8426808.jpg,a,a,"Info:Fran's assistance to God Eaters",item sku,USD,5000,10,TRUE,4324324fsdfdsf4,hgdfgrerere/24234324sfsdfds,Tasha/Pretty/18/0,April/smart/15/0,diana/Pretty/20/0
*,ea1a3e89-6313-4f56-9820-fc86c7254d12,5cde02c2-0d04-4156-a304-f19c1020b910,bakugo,230x230_product_1542346931_2117688.jpg,800x800_product_1542346931_8797092.jpg,800x800_product_1542346932_8426808.jpg,a,a,"Info:Fran's assistance to God Eaters",item sku,USD,5000,10,TRUE,4324324fsdfdsf4,hgdfgrerere/24234324sfsdfds,Tasha/Pretty/18/0,April/smart/15/0,diana/Pretty/20/0
*,ea1a3e89-6313-4f56-9820-fc86c7254d12,c5e87006-b9b6-4bd8-9f22-e1b67d5cfeab/5cde02c2-0d04-4156-a304-f19c1020b910,hello there,d,d,d,d,d,"Info:Fran's assistance to God Eaters",item sku,USD,5000,10,TRUE,,,,random
*,ea1a3e89-6313-4f56-9820-fc86c7254d12,5cde02c2-0d04-4156-a304-f19c1020b910,bakugo,230x230_product_1542346931_2117688.jpg,800x800_product_1542346931_8797092.jpg,800x800_product_1542346932_8426808.jpg,a,a,"Info:Fran's assistance to God Eaters",item sku,USD,5000,10,TRUE,4324324fsdfdsf4,hgdfgrerere/24234324sfsdfds,Tasha/Pretty/18/0,April/smart/15/0,diana/Pretty/20/0
*,ea1a3e89-6313-4f56-9820-fc86c7254d12,5cde02c2-0d04-4156-a304-f19c1020b910,bakugo,230x230_product_1542346931_2117688.jpg,800x800_product_1542346931_8797092.jpg,800x800_product_1542346932_8426808.jpg,a,a,"Info:Fran's assistance to God Eaters",item sku,USD,5000,10,TRUE,4324324fsdfdsf4,hgdfgrerere/24234324sfsdfds,Tasha/Pretty/18/0,April/smart/15/0,diana/Pretty/20/0
*,ea1a3e89-6313-4f56-9820-fc86c7254d12,c5e87006-b9b6-4bd8-9f22-e1b67d5cfeab/5cde02c2-0d04-4156-a304-f19c1020b910,hello there,d,d,d,d,d,"Info:Fran's assistance to God Eaters",item sku,USD,5000,10,TRUE,,,,random
*,ea1a3e89-6313-4f56-9820-fc86c7254d12,5cde02c2-0d04-4156-a304-f19c1020b910,bakugo,230x230_product_1542346931_2117688.jpg,800x800_product_1542346931_8797092.jpg,800x800_product_1542346932_8426808.jpg,a,a,"Info:Fran's assistance to God Eaters",item sku,USD,5000,10,TRUE,4324324fsdfdsf4,hgdfgrerere/24234324sfsdfds,Tasha/Pretty/18/0,April/smart/15/0,diana/Pretty/20/0
*,ea1a3e89-6313-4f56-9820-fc86c7254d12,5cde02c2-0d04-4156-a304-f19c1020b910,bakugo,230x230_product_1542346931_2117688.jpg,800x800_product_1542346931_8797092.jpg,800x800_product_1542346932_8426808.jpg,a,a,"Info:Fran's assistance to God Eaters",item sku,USD,5000,10,TRUE,4324324fsdfdsf4,hgdfgrerere/24234324sfsdfds,Tasha/Pretty/18/0,April/smart/15/0,diana/Pretty/20/0
*,ea1a3e89-6313-4f56-9820-fc86c7254d12,c5e87006-b9b6-4bd8-9f22-e1b67d5cfeab/5cde02c2-0d04-4156-a304-f19c1020b910,hello there,d,d,d,d,d,"Info:Fran's assistance to God Eaters",item sku,USD,5000,10,TRUE,,,,random
*,ea1a3e89-6313-4f56-9820-fc86c7254d12,5cde02c2-0d04-4156-a304-f19c1020b910,bakugo,230x230_product_1542346931_2117688.jpg,800x800_product_1542346931_8797092.jpg,800x800_product_1542346932_8426808.jpg,a,a,"Info:Fran's assistance to God Eaters",item sku,USD,5000,10,TRUE,4324324fsdfdsf4,hgdfgrerere/24234324sfsdfds,Tasha/Pretty/18/0,April/smart/15/0,diana/Pretty/20/0
*,ea1a3e89-6313-4f56-9820-fc86c7254d12,5cde02c2-0d04-4156-a304-f19c1020b910,bakugo,230x230_product_1542346931_2117688.jpg,800x800_product_1542346931_8797092.jpg,800x800_product_1542346932_8426808.jpg,a,a,"Info:Fran's assistance to God Eaters",item sku,USD,5000,10,TRUE,4324324fsdfdsf4,hgdfgrerere/24234324sfsdfds,Tasha/Pretty/18/0,April/smart/15/0,diana/Pretty/20/0
*,ea1a3e89-6313-4f56-9820-fc86c7254d12,c5e87006-b9b6-4bd8-9f22-e1b67d5cfeab/5cde02c2-0d04-4156-a304-f19c1020b910,hello there,d,d,d,d,d,"Info:Fran's assistance to God Eaters",item sku,USD,5000,10,TRUE,,,,random
*,ea1a3e89-6313-4f56-9820-fc86c7254d12,5cde02c2-0d04-4156-a304-f19c1020b910,bakugo,230x230_product_1542346931_2117688.jpg,800x800_product_1542346931_8797092.jpg,800x800_product_1542346932_8426808.jpg,a,a,"Info:Fran's assistance to God Eaters",item sku,USD,5000,10,TRUE,4324324fsdfdsf4,hgdfgrerere/24234324sfsdfds,Tasha/Pretty/18/0,April/smart/15/0,diana/Pretty/20/0
*,ea1a3e89-6313-4f56-9820-fc86c7254d12,5cde02c2-0d04-4156-a304-f19c1020b910,bakugo,230x230_product_1542346931_2117688.jpg,800x800_product_1542346931_8797092.jpg,800x800_product_1542346932_8426808.jpg,a,a,"Info:Fran's assistance to God Eaters",item sku,USD,5000,10,TRUE,4324324fsdfdsf4,hgdfgrerere/24234324sfsdfds,Tasha/Pretty/18/0,April/smart/15/0,diana/Pretty/20/0
*,sdfsdfsdfsdfsdfsdfsdfsdf,c5e87006-b9b6-4bd8-9f22-e1b67d5cfeab/5cde02c2-0d04-4156-a304-f19c1020b910,hello there,d,d,d,d,d,"Info:Fran's assistance to God Eaters",item sku,USD,5000,10,TRUE,,,,random